id,name,model_id:id,group_id:id,perm_read,perm_write,perm_create,perm_unlink
access_student_registration,access_student_registration,model_student_registration,base.group_user,1,1,1,1
access_hostel_facilities,access_hostel_facilities,model_hostel_facilities,base.group_user,1,1,1,1
access_attendance_system,access_attendance_system,model_attendance_system,base.group_user,1,1,1,1
access_complaint_management,access_complaint_management,model_complaint_management,base.group_user,1,1,1,1
access_maintainance_repair,access_maintainance_repair,model_maintainance_repair,base.group_user,1,1,1,1
access_payment_system,access_payment_system,model_payment_system,base.group_user,1,1,1,1
